{
    "Accuracy": 0.62,
    "F1 Score": 0.09523809523809523,
    "AUROC": 0.48200093501636276,
    "AUPRC": 0.2997089217798887,
    "Brier Score": 0.23113369860624774,
    "Confusion Matrix": [
        [
            60,
            9
        ],
        [
            29,
            2
        ]
    ],
    "Classification Report": {
        "0": {
            "precision": 0.6741573033707865,
            "recall": 0.8695652173913043,
            "f1-score": 0.759493670886076,
            "support": 69.0
        },
        "1": {
            "precision": 0.18181818181818182,
            "recall": 0.06451612903225806,
            "f1-score": 0.09523809523809523,
            "support": 31.0
        },
        "accuracy": 0.62,
        "macro avg": {
            "precision": 0.42798774259448413,
            "recall": 0.4670406732117812,
            "f1-score": 0.4273658830620856,
            "support": 100.0
        },
        "weighted avg": {
            "precision": 0.5215321756894791,
            "recall": 0.62,
            "f1-score": 0.5535744424352019,
            "support": 100.0
        }
    },
    "ROC Curve": {
        "fpr": [
            0.0,
            0.014492753623188406,
            0.014492753623188406,
            0.13043478260869565,
            0.13043478260869565,
            0.17391304347826086,
            0.17391304347826086,
            0.2318840579710145,
            0.2318840579710145,
            0.2753623188405797,
            0.2753623188405797,
            0.3188405797101449,
            0.3188405797101449,
            0.3333333333333333,
            0.3333333333333333,
            0.37681159420289856,
            0.37681159420289856,
            0.391304347826087,
            0.391304347826087,
            0.4782608695652174,
            0.4782608695652174,
            0.4927536231884058,
            0.4927536231884058,
            0.5217391304347826,
            0.5217391304347826,
            0.5507246376811594,
            0.5507246376811594,
            0.5652173913043478,
            0.5652173913043478,
            0.5797101449275363,
            0.5797101449275363,
            0.6086956521739131,
            0.6086956521739131,
            0.7971014492753623,
            0.7971014492753623,
            0.8260869565217391,
            0.8260869565217391,
            0.855072463768116,
            0.855072463768116,
            0.9565217391304348,
            0.9565217391304348,
            0.9710144927536232,
            0.9710144927536232,
            1.0
        ],
        "tpr": [
            0.0,
            0.0,
            0.03225806451612903,
            0.03225806451612903,
            0.06451612903225806,
            0.06451612903225806,
            0.0967741935483871,
            0.0967741935483871,
            0.12903225806451613,
            0.12903225806451613,
            0.16129032258064516,
            0.16129032258064516,
            0.22580645161290322,
            0.22580645161290322,
            0.2903225806451613,
            0.2903225806451613,
            0.3225806451612903,
            0.3225806451612903,
            0.41935483870967744,
            0.41935483870967744,
            0.45161290322580644,
            0.45161290322580644,
            0.5161290322580645,
            0.5161290322580645,
            0.5483870967741935,
            0.5483870967741935,
            0.6129032258064516,
            0.6129032258064516,
            0.6774193548387096,
            0.6774193548387096,
            0.7096774193548387,
            0.7096774193548387,
            0.7419354838709677,
            0.7419354838709677,
            0.7741935483870968,
            0.7741935483870968,
            0.8064516129032258,
            0.8064516129032258,
            0.9354838709677419,
            0.9354838709677419,
            0.967741935483871,
            0.967741935483871,
            1.0,
            1.0
        ]
    },
    "PR Curve": {
        "precision": [
            0.31,
            0.31313131313131315,
            0.3163265306122449,
            0.30927835051546393,
            0.3125,
            0.30526315789473685,
            0.30851063829787234,
            0.3118279569892473,
            0.31521739130434784,
            0.31868131868131866,
            0.32222222222222224,
            0.3258426966292135,
            0.32954545454545453,
            0.3218390804597701,
            0.313953488372093,
            0.3058823529411765,
            0.2976190476190476,
            0.30120481927710846,
            0.3048780487804878,
            0.2962962962962963,
            0.3,
            0.3037974683544304,
            0.2948717948717949,
            0.2987012987012987,
            0.3026315789473684,
            0.30666666666666664,
            0.3108108108108108,
            0.3150684931506849,
            0.3194444444444444,
            0.323943661971831,
            0.32857142857142857,
            0.3333333333333333,
            0.3382352941176471,
            0.34328358208955223,
            0.3484848484848485,
            0.35384615384615387,
            0.34375,
            0.3492063492063492,
            0.3548387096774194,
            0.3442622950819672,
            0.35,
            0.3389830508474576,
            0.3275862068965517,
            0.3333333333333333,
            0.32142857142857145,
            0.3090909090909091,
            0.3148148148148148,
            0.32075471698113206,
            0.3076923076923077,
            0.3137254901960784,
            0.32,
            0.30612244897959184,
            0.2916666666666667,
            0.2978723404255319,
            0.2826086956521739,
            0.28888888888888886,
            0.29545454545454547,
            0.3023255813953488,
            0.30952380952380953,
            0.3170731707317073,
            0.325,
            0.3076923076923077,
            0.2894736842105263,
            0.2702702702702703,
            0.2777777777777778,
            0.2571428571428571,
            0.2647058823529412,
            0.2727272727272727,
            0.28125,
            0.25806451612903225,
            0.23333333333333334,
            0.2413793103448276,
            0.21428571428571427,
            0.18518518518518517,
            0.19230769230769232,
            0.2,
            0.20833333333333334,
            0.17391304347826086,
            0.18181818181818182,
            0.19047619047619047,
            0.2,
            0.15789473684210525,
            0.16666666666666666,
            0.17647058823529413,
            0.1875,
            0.2,
            0.14285714285714285,
            0.15384615384615385,
            0.16666666666666666,
            0.18181818181818182,
            0.1,
            0.1111111111111111,
            0.125,
            0.14285714285714285,
            0.16666666666666666,
            0.2,
            0.25,
            0.3333333333333333,
            0.5,
            0.0,
            1.0
        ],